subclass,title
A01B,"SOIL WORKING IN AGRICULTURE OR FORESTRY"
A01C,"PLANTING"
A01D,"HARVESTING"
A01F,"PROCESSING OF HARVESTED PRODUCE"
A01G,"HORTICULTURE"
A01H,"NEW PLANTS OR PROCESSES FOR OBTAINING THEM"
A01J,"MANUFACTURE OF DAIRY PRODUCTS"
A01K,"ANIMAL HUSBANDRY"
A01L,"SHOEING OF ANIMALS"
A01M,"CATCHING, TRAPPING OR SCARING OF ANIMALS"
A01N,"PRESERVATION OF BODIES OF HUMANS OR ANIMALS OR PLANTS OR PARTS THEREOF"
A01P,"BIOCIDAL, PEST REPELLANT, PEST ATTRACTANT OR PLANT GROWTH REGULATORY ACTIVITY OF CHEMICAL COMPOUNDS OR PREPARATIONS"
A21B,"BAKERS' OVENS"
A21C,"MACHINES OR EQUIPMENT FOR MAKING OR PROCESSING DOUGHS"
A21D,"TREATMENT OF FLOUR OR DOUGH FOR BAKING, e.g. BY ADDITION OF MATERIALS"
A22B,"SLAUGHTERING"
A22C,"PROCESSING MEAT, POULTRY, OR FISH"
A23B,"PRESERVATION OF FOODS, FOODSTUFFS OR NON-ALCOHOLIC BEVERAGES"
A23C,"DAIRY PRODUCTS, e.g. MILK, BUTTER OR CHEESE"
A23D,"EDIBLE OILS OR FATS, e.g. MARGARINES, SHORTENINGS OR COOKING OILS"
A23F,"COFFEE"
A23G,"COCOA"
A23J,"PROTEIN COMPOSITIONS FOR FOODSTUFFS"
A23K,"FODDER"
A23L,"FOODS, FOODSTUFFS OR NON-ALCOHOLIC BEVERAGES, NOT OTHERWISE PROVIDED FOR"
A23N,"MACHINES OR APPARATUS FOR TREATING HARVESTED FRUIT, VEGETABLES OR FLOWER BULBS IN BULK, NOT OTHERWISE PROVIDED FOR"
A23P,"SHAPING OR WORKING OF FOODSTUFFS, NOT FULLY COVERED BY A SINGLE OTHER SUBCLASS"
A23V,"INDEXING SCHEME RELATING TO FOODS, FOODSTUFFS OR NON-ALCOHOLIC BEVERAGES AND LACTIC OR PROPIONIC ACID BACTERIA USED IN FOODSTUFFS OR FOOD PREPARATION"
A24B,"MANUFACTURE OR PREPARATION OF TOBACCO FOR SMOKING OR CHEWING"
A24C,"MACHINES FOR MAKING CIGARS OR CIGARETTES"
A24D,"CIGARS"
A24F,"SMOKERS' REQUISITES"
A41B,"SHIRTS"
A41C,"CORSETS"
A41D,"OUTERWEAR"
A41F,"GARMENT FASTENINGS"
A41G,"ARTIFICIAL FLOWERS"
A41H,"APPLIANCES OR METHODS FOR MAKING CLOTHES, e.g. FOR DRESS-MAKING OR FOR TAILORING, NOT OTHERWISE PROVIDED FOR"
A42B,"HATS"
A42C,"MANUFACTURING OR TRIMMING HEAD COVERINGS, e.g. HATS"
A43B,"CHARACTERISTIC FEATURES OF FOOTWEAR"
A43C,"FASTENINGS OR ATTACHMENTS OF FOOTWEAR"
A43D,"MACHINES, TOOLS, EQUIPMENT OR METHODS FOR MANUFACTURING OR REPAIRING FOOTWEAR"
A44B,"BUTTONS, PINS, BUCKLES, SLIDE FASTENERS, OR THE LIKE"
A44C,"PERSONAL ADORNMENTS, e.g. JEWELLERY"
A44D,"INDEXING SCHEME RELATING TO BUTTONS, PINS, BUCKLES OR SLIDE FASTENERS, AND TO JEWELLERY, BRACELETS OR OTHER PERSONAL ADORNMENTS"
A45B,"WALKING STICKS"
A45C,"PURSES"
A45D,"HAIRDRESSING OR SHAVING EQUIPMENT"
A45F,"TRAVELLING OR CAMP EQUIPMENT: SACKS OR PACKS CARRIED ON THE BODY"
A46B,"BRUSHES"
A46D,"MANUFACTURE OF BRUSHES"
A47B,"TABLES"
A47C,"CHAIRS"
A47D,"FURNITURE SPECIALLY ADAPTED FOR CHILDREN"
A47F,"SPECIAL FURNITURE, FITTINGS, OR ACCESSORIES FOR SHOPS, STOREHOUSES, BARS, RESTAURANTS OR THE LIKE"
A47G,"HOUSEHOLD OR TABLE EQUIPMENT"
A47H,"FURNISHINGS FOR WINDOWS OR DOORS"
A47J,"KITCHEN EQUIPMENT"
A47K,"SANITARY EQUIPMENT"
A47L,"DOMESTIC WASHING OR CLEANING"
A61B,"DIAGNOSIS"
A61C,"DENTISTRY"
A61D,"VETERINARY INSTRUMENTS, IMPLEMENTS, TOOLS, OR METHODS"
A61F,"FILTERS IMPLANTABLE INTO BLOOD VESSELS"
A61G,"TRANSPORT, PERSONAL CONVEYANCES, OR ACCOMMODATION SPECIALLY ADAPTED FOR PATIENTS OR DISABLED PERSONS"
A61H,"PHYSICAL THERAPY APPARATUS, e.g. DEVICES FOR LOCATING OR STIMULATING REFLEX POINTS IN THE BODY"
A61J,"CONTAINERS SPECIALLY ADAPTED FOR MEDICAL OR PHARMACEUTICAL PURPOSES"
A61K,"PREPARATIONS FOR MEDICAL, DENTAL OR TOILETRY PURPOSES"
A61L,"METHODS OR APPARATUS FOR STERILISING MATERIALS OR OBJECTS IN GENERAL"
A61M,"DEVICES FOR INTRODUCING MEDIA INTO, OR ONTO, THE BODY"
A61N,"ELECTROTHERAPY"
A61P,"SPECIFIC THERAPEUTIC ACTIVITY OF CHEMICAL COMPOUNDS OR MEDICINAL PREPARATIONS"
A61Q,"SPECIFIC USE OF COSMETICS OR SIMILAR TOILETRY PREPARATIONS"
A62B,"DEVICES, APPARATUS OR METHODS FOR LIFE-SAVING"
A62C,"FIRE-FIGHTING"
A62D,"CHEMICAL MEANS FOR EXTINGUISHING FIRES OR FOR COMBATING OR PROTECTING AGAINST HARMFUL CHEMICAL AGENTS"
A63B,"APPARATUS FOR PHYSICAL TRAINING, GYMNASTICS, SWIMMING, CLIMBING, OR FENCING"
A63C,"SKATES"
A63D,"BOWLING GAMES, e.g. SKITTLES, BOCCE OR BOWLS"
A63F,"CARD, BOARD, OR ROULETTE GAMES"
A63G,"MERRY-GO-ROUNDS"
A63H,"TOYS, e.g. TOPS, DOLLS, HOOPS OR BUILDING BLOCKS"
A63J,"DEVICES FOR THEATRES, CIRCUSES, OR THE LIKE"
A63K,"RACING"
A99Z,"SUBJECT MATTER NOT OTHERWISE PROVIDED FOR IN THIS SECTION"
B01B,"BOILING"
B01D,"SEPARATION"
B01F,"MIXING, e.g. DISSOLVING, EMULSIFYING OR DISPERSING"
B01J,"CHEMICAL OR PHYSICAL PROCESSES, e.g. CATALYSIS OR COLLOID CHEMISTRY"
B01L,"CHEMICAL OR PHYSICAL LABORATORY APPARATUS FOR GENERAL USE"
B02B,"PREPARING GRAIN FOR MILLING"
B02C,"CRUSHING, PULVERISING, OR DISINTEGRATING IN GENERAL"
B03B,"SEPARATING SOLID MATERIALS USING LIQUIDS OR USING PNEUMATIC TABLES OR JIGS"
B03C,"MAGNETIC OR ELECTROSTATIC SEPARATION OF SOLID MATERIALS FROM SOLID MATERIALS OR FLUIDS"
B03D,"FLOTATION"
B04B,"CENTRIFUGES"
B04C,"APPARATUS USING FREE VORTEX FLOW, e.g. CYCLONES"
B05B,"SPRAYING APPARATUS"
B05C,"APPARATUS FOR APPLYING FLUENT MATERIALS TO SURFACES, IN GENERAL"
B05D,"PROCESSES FOR APPLYING FLUENT MATERIALS TO SURFACES, IN GENERAL"
B06B,"METHODS OR APPARATUS FOR GENERATING OR TRANSMITTING MECHANICAL VIBRATIONS OF INFRASONIC, SONIC, OR ULTRASONIC FREQUENCY, FOR PERFORMING MECHANICAL WORK IN GENERAL"
B07B,"SEPARATING SOLIDS FROM SOLIDS BY SIEVING, SCREENING, SIFTING OR BY USING GAS CURRENTS"
B07C,"POSTAL SORTING"
B08B,"CLEANING IN GENERAL"
B09B,"DISPOSAL OF SOLID WASTE NOT OTHERWISE PROVIDED FOR"
B09C,"RECLAMATION OF CONTAMINATED SOIL"
B21B,"ROLLING OF METAL"
B21C,"MANUFACTURE OF METAL SHEETS, WIRE, RODS, TUBES, PROFILES OR LIKE SEMI-MANUFACTURED PRODUCTS OTHERWISE THAN BY ROLLING"
B21D,"WORKING OR PROCESSING OF SHEET METAL OR METAL TUBES, RODS OR PROFILES WITHOUT ESSENTIALLY REMOVING MATERIAL"
B21F,"WORKING OR PROCESSING OF METAL WIRE"
B21G,"MAKING NEEDLES, PINS OR NAILS OF METAL"
B21H,"MAKING PARTICULAR METAL OBJECTS BY ROLLING, e.g. SCREWS, WHEELS, RINGS, BARRELS, BALLS"
B21J,"FORGING"
B21K,"MAKING FORGED OR PRESSED METAL PRODUCTS, e.g. HORSE-SHOES, RIVETS, BOLTS OR WHEELS"
B21L,"MAKING METAL CHAINS"
B22C,"FOUNDRY MOULDING"
B22D,"CASTING OF METALS"
B22F,"WORKING METALLIC POWDER"
B23B,"TURNING"
B23C,"MILLING"
B23D,"PLANING"
B23F,"MAKING GEARS OR TOOTHED RACKS"
B23G,"THREAD CUTTING"
B23H,"WORKING OF METAL BY THE ACTION OF A HIGH CONCENTRATION OF ELECTRIC CURRENT ON A WORKPIECE USING AN ELECTRODE WHICH TAKES THE PLACE OF A TOOL"
B23K,"SOLDERING OR UNSOLDERING"
B23P,"METAL-WORKING NOT OTHERWISE PROVIDED FOR"
B23Q,"DETAILS, COMPONENTS, OR ACCESSORIES FOR MACHINE TOOLS, e.g. ARRANGEMENTS FOR COPYING OR CONTROLLING"
B24B,"MACHINES, DEVICES, OR PROCESSES FOR GRINDING OR POLISHING"
B24C,"ABRASIVE OR RELATED BLASTING WITH PARTICULATE MATERIAL"
B24D,"TOOLS FOR GRINDING, BUFFING OR SHARPENING"
B25B,"TOOLS OR BENCH DEVICES NOT OTHERWISE PROVIDED FOR, FOR FASTENING, CONNECTING, DISENGAGING OR HOLDING"
B25C,"HAND-HELD NAILING OR STAPLING TOOLS"
B25D,"PERCUSSIVE TOOLS"
B25F,"COMBINATION OR MULTI-PURPOSE TOOLS NOT OTHERWISE PROVIDED FOR"
B25G,"HANDLES FOR HAND IMPLEMENTS"
B25H,"WORKSHOP EQUIPMENT, e.g. FOR MARKING-OUT WORK"
B25J,"MANIPULATORS"
B26B,"HAND-HELD CUTTING TOOLS NOT OTHERWISE PROVIDED FOR"
B26D,"CUTTING"
B26F,"PERFORATING"
B27B,"SAWS FOR WOOD OR SIMILAR MATERIAL"
B27C,"PLANING, DRILLING, MILLING, TURNING OR UNIVERSAL MACHINES FOR WOOD OR SIMILAR MATERIAL"
B27D,"WORKING VENEER OR PLYWOOD"
B27F,"DOVETAILED WORK"
B27G,"ACCESSORY MACHINES OR APPARATUS FOR WORKING WOOD OR SIMILAR MATERIALS"
B27H,"BENDING WOOD OR SIMILAR MATERIAL"
B27J,"MECHANICAL WORKING OF CANE, CORK, OR SIMILAR MATERIALS"
B27K,"PROCESSES, APPARATUS OR SELECTION OF SUBSTANCES FOR IMPREGNATING, STAINING, DYEING, BLEACHING OF WOOD OR SIMILAR MATERIALS, OR TREATING OF WOOD OR SIMILAR MATERIALS WITH PERMEANT LIQUIDS, NOT OTHERWISE PROVIDED FOR"
B27L,"REMOVING BARK OR VESTIGES OF BRANCHES"
B27M,"WORKING OF WOOD NOT PROVIDED FOR IN SUBCLASSES B27B - B27L"
B27N,"MANUFACTURE BY DRY PROCESSES OF ARTICLES, WITH OR WITHOUT ORGANIC BINDING AGENTS, MADE FROM PARTICLES OR FIBRES CONSISTING OF WOOD OR OTHER LIGNOCELLULOSIC OR LIKE ORGANIC MATERIAL"
B28B,"SHAPING CLAY OR OTHER CERAMIC COMPOSITIONS"
B28C,"PREPARING CLAY"
B28D,"WORKING STONE OR STONE-LIKE MATERIALS"
B29B,"PREPARATION OR PRETREATMENT OF THE MATERIAL TO BE SHAPED"
B29C,"SHAPING OR JOINING OF PLASTICS"
B29D,"PRODUCING PARTICULAR ARTICLES FROM PLASTICS OR FROM SUBSTANCES IN A PLASTIC STATE"
B29K,"INDEXING SCHEME ASSOCIATED WITH SUBCLASSES B29B, B29C OR B29D, RELATING TO MOULDING MATERIALS OR TO MATERIALS FOR REINFORCEMENTS, FILLERS OR PREFORMED PARTS, e.g. INSERTS"
B29L,"INDEXING SCHEME ASSOCIATED WITH SUBCLASS B29C, RELATING TO PARTICULAR ARTICLES"
B30B,"PRESSES IN GENERAL"
B31B,"MAKING CONTAINERS OF PAPER, CARDBOARD OR MATERIAL WORKED IN A MANNER ANALOGOUS TO PAPER"
B31C,"MAKING WOUND ARTICLES, e.g. WOUND TUBES, OF PAPER, CARDBOARD OR MATERIAL WORKED IN A MANNER ANALOGOUS TO PAPER"
B31D,"MAKING ARTICLES OF PAPER, CARDBOARD OR MATERIAL WORKED IN A MANNER ANALOGOUS TO PAPER, NOT PROVIDED FOR IN SUBCLASSES B31B OR B31C"
B31F,"MECHANICAL WORKING OR DEFORMATION OF PAPER, CARDBOARD OR MATERIAL WORKED IN A MANNER ANALOGOUS TO PAPER"
B32B,"LAYERED PRODUCTS, i.e. PRODUCTS BUILT-UP OF STRATA OF FLAT OR NON-FLAT, e.g. CELLULAR OR HONEYCOMB, FORM"
B33Y,"ADDITIVE MANUFACTURING, i.e. MANUFACTURING OF THREE-DIMENSIONAL [3D] OBJECTS BY ADDITIVE DEPOSITION, ADDITIVE AGGLOMERATION OR ADDITIVE LAYERING, e.g. BY 3D PRINTING, STEREOLITHOGRAPHY OR SELECTIVE LASER SINTERING"
B41B,"MACHINES OR ACCESSORIES FOR MAKING, SETTING, OR DISTRIBUTING TYPE"
B41C,"PROCESSES FOR THE MANUFACTURE OR REPRODUCTION OF PRINTING SURFACES"
B41D,"APPARATUS FOR THE MECHANICAL REPRODUCTION OF PRINTING SURFACES FOR STEREOTYPE PRINTING"
B41F,"PRINTING MACHINES OR PRESSES"
B41G,"APPARATUS FOR BRONZE PRINTING, LINE PRINTING, OR FOR BORDERING OR EDGING SHEETS OR LIKE ARTICLES"
B41J,"TYPEWRITERS"
B41K,"STAMPS"
B41L,"APPARATUS OR DEVICES FOR MANIFOLDING, DUPLICATING OR PRINTING FOR OFFICE OR OTHER COMMERCIAL PURPOSES"
B41M,"PRINTING, DUPLICATING, MARKING, OR COPYING PROCESSES"
B41N,"PRINTING PLATES OR FOILS"
B41P,"INDEXING SCHEME RELATING TO PRINTING, LINING MACHINES, TYPEWRITERS, AND TO STAMPS"
B42B,"PERMANENTLY ATTACHING TOGETHER SHEETS, QUIRES OR SIGNATURES OR PERMANENTLY ATTACHING OBJECTS THERETO"
B42C,"BOOKBINDING"
B42D,"BOOKS"
B42F,"SHEETS TEMPORARILY ATTACHED TOGETHER"
B42P,"INDEXING SCHEME RELATING TO BOOKS, FILING APPLIANCES OR THE LIKE"
B43K,"IMPLEMENTS FOR WRITING OR DRAWING"
B43L,"ARTICLES FOR WRITING OR DRAWING UPON"
B43M,"BUREAU ACCESSORIES NOT OTHERWISE PROVIDED FOR"
B44B,"MACHINES, APPARATUS OR TOOLS FOR ARTISTIC WORK, e.g. FOR SCULPTURING, GUILLOCHING, CARVING, BRANDING, INLAYING"
B44C,"PRODUCING DECORATIVE EFFECTS"
B44D,"PAINTING OR ARTISTIC DRAWING, NOT OTHERWISE PROVIDED FOR"
B44F,"SPECIAL DESIGNS OR PICTURES"
B60B,"VEHICLE WHEELS"
B60C,"VEHICLE TYRES"
B60D,"VEHICLE CONNECTIONS"
B60F,"VEHICLES FOR USE BOTH ON RAIL AND ON ROAD"
B60G,"VEHICLE SUSPENSION ARRANGEMENTS"
B60H,"ARRANGEMENTS OF HEATING, COOLING, VENTILATING OR OTHER AIR-TREATING DEVICES SPECIALLY ADAPTED FOR PASSENGER OR GOODS SPACES OF VEHICLES"
B60J,"WINDOWS, WINDSCREENS, NON-FIXED ROOFS, DOORS, OR SIMILAR DEVICES FOR VEHICLES"
B60K,"ARRANGEMENT OR MOUNTING OF PROPULSION UNITS OR OF TRANSMISSIONS IN VEHICLES"
B60L,"PROPULSION OF ELECTRICALLY-PROPELLED VEHICLES"
B60M,"POWER SUPPLY LINES, AND DEVICES ALONG RAILS, FOR ELECTRICALLY- PROPELLED VEHICLES"
B60N,"SEATS SPECIALLY ADAPTED FOR VEHICLES"
B60P,"VEHICLES ADAPTED FOR LOAD TRANSPORTATION OR TO TRANSPORT, TO CARRY, OR TO COMPRISE SPECIAL LOADS OR OBJECTS"
B60Q,"ARRANGEMENT OF SIGNALLING OR LIGHTING DEVICES, THE MOUNTING OR SUPPORTING THEREOF OR CIRCUITS THEREFOR, FOR VEHICLES IN GENERAL"
B60R,"VEHICLES, VEHICLE FITTINGS, OR VEHICLE PARTS, NOT OTHERWISE PROVIDED FOR"
B60S,"SERVICING, CLEANING, REPAIRING, SUPPORTING, LIFTING, OR MANOEUVRING OF VEHICLES, NOT OTHERWISE PROVIDED FOR"
B60T,"VEHICLE BRAKE CONTROL SYSTEMS OR PARTS THEREOF"
B60V,"AIR-CUSHION VEHICLES"
B60W,"CONJOINT CONTROL OF VEHICLE SUB-UNITS OF DIFFERENT TYPE OR DIFFERENT FUNCTION"
B60Y,"INDEXING SCHEME RELATING TO ASPECTS CROSS-CUTTING VEHICLE TECHNOLOGY"
B61B,"RAILWAY SYSTEMS"
B61C,"LOCOMOTIVES"
B61D,"BODY DETAILS OR KINDS OF RAILWAY VEHICLES"
B61F,"RAIL VEHICLE SUSPENSIONS, e.g. UNDERFRAMES, BOGIES OR ARRANGEMENTS OF WHEEL AXLES"
B61G,"COUPLINGS"
B61H,"BRAKES OR OTHER RETARDING DEVICES SPECIALLY ADAPTED FOR RAIL VEHICLES"
B61J,"SHIFTING OR SHUNTING OF RAIL VEHICLES"
B61K,"AUXILIARY EQUIPMENT SPECIALLY ADAPTED FOR RAILWAYS, NOT OTHERWISE PROVIDED FOR"
B61L,"GUIDING RAILWAY TRAFFIC"
B62B,"HAND-PROPELLED VEHICLES, e.g. HAND CARTS OR PERAMBULATORS"
B62C,"VEHICLES DRAWN BY ANIMALS"
B62D,"MOTOR VEHICLES"
B62H,"CYCLE STANDS"
B62J,"CYCLE SADDLES OR SEATS"
B62K,"CYCLES"
B62L,"BRAKES SPECIALLY ADAPTED FOR CYCLES"
B62M,"RIDER PROPULSION OF WHEELED VEHICLES OR SLEDGES"
B63B,"SHIPS OR OTHER WATERBORNE VESSELS"
B63C,"LAUNCHING, HAULING-OUT, OR DRY-DOCKING OF VESSELS"
B63G,"OFFENSIVE OR DEFENSIVE ARRANGEMENTS ON VESSELS"
B63H,"MARINE PROPULSION OR STEERING"
B63J,"AUXILIARIES ON VESSELS"
B64B,"LIGHTER-THAN AIR AIRCRAFT"
B64C,"AEROPLANES"
B64D,"EQUIPMENT FOR FITTING IN OR TO AIRCRAFT"
B64F,"GROUND OR AIRCRAFT-CARRIER-DECK INSTALLATIONS SPECIALLY ADAPTED FOR USE IN CONNECTION WITH AIRCRAFT"
B64G,"COSMONAUTICS"
B64U,"UNMANNED AERIAL VEHICLES [UAV]"
B65B,"MACHINES, APPARATUS OR DEVICES FOR, OR METHODS OF, PACKAGING ARTICLES OR MATERIALS"
B65C,"LABELLING OR TAGGING MACHINES, APPARATUS, OR PROCESSES"
B65D,"CONTAINERS FOR STORAGE OR TRANSPORT OF ARTICLES OR MATERIALS, e.g. BAGS, BARRELS, BOTTLES, BOXES, CANS, CARTONS, CRATES, DRUMS, JARS, TANKS, HOPPERS, FORWARDING CONTAINERS"
B65F,"GATHERING OR REMOVAL OF DOMESTIC OR LIKE REFUSE"
B65G,"TRANSPORT OR STORAGE DEVICES, e.g. CONVEYORS FOR LOADING OR TIPPING, SHOP CONVEYOR SYSTEMS OR PNEUMATIC TUBE CONVEYORS"
B65H,"HANDLING THIN OR FILAMENTARY MATERIAL, e.g. SHEETS, WEBS, CABLES"
B66B,"ELEVATORS"
B66C,"CRANES"
B66D,"CAPSTANS"
B66F,"HOISTING, LIFTING, HAULING OR PUSHING, NOT OTHERWISE PROVIDED FOR, e.g. DEVICES WHICH APPLY A LIFTING OR PUSHING FORCE DIRECTLY TO THE SURFACE OF A LOAD"
B67B,"APPLYING CLOSURE MEMBERS TO BOTTLES JARS, OR SIMILAR CONTAINERS"
B67C,"CLEANING, FILLING WITH LIQUIDS OR SEMILIQUIDS, OR EMPTYING, OF BOTTLES, JARS, CANS, CASKS, BARRELS, OR SIMILAR CONTAINERS, NOT OTHERWISE PROVIDED FOR"
B67D,"DISPENSING, DELIVERING OR TRANSFERRING LIQUIDS, NOT OTHERWISE PROVIDED FOR"
B68B,"HARNESS"
B68C,"SADDLES"
B68F,"MAKING ARTICLES FROM LEATHER, CANVAS, OR THE LIKE"
B68G,"METHODS, EQUIPMENT, OR MACHINES FOR USE IN UPHOLSTERING"
B81B,"MICROSTRUCTURAL DEVICES OR SYSTEMS, e.g. MICROMECHANICAL DEVICES"
B81C,"PROCESSES OR APPARATUS SPECIALLY ADAPTED FOR THE MANUFACTURE OR TREATMENT OF MICROSTRUCTURAL DEVICES OR SYSTEMS"
B82B,"NANOSTRUCTURES FORMED BY MANIPULATION OF INDIVIDUAL ATOMS, MOLECULES, OR LIMITED COLLECTIONS OF ATOMS OR MOLECULES AS DISCRETE UNITS"
B82Y,"SPECIFIC USES OR APPLICATIONS OF NANOSTRUCTURES"
B99Z,"SUBJECT MATTER NOT OTHERWISE PROVIDED FOR IN THIS SECTION"
C01B,"NON-METALLIC ELEMENTS"
C01C,"AMMONIA"
C01D,"COMPOUNDS OF ALKALI METALS, i.e. LITHIUM, SODIUM, POTASSIUM, RUBIDIUM, CAESIUM, OR FRANCIUM"
C01F,"COMPOUNDS OF THE METALS BERYLLIUM, MAGNESIUM, ALUMINIUM, CALCIUM, STRONTIUM, BARIUM, RADIUM, THORIUM, OR OF THE RARE-EARTH METALS"
C01G,"COMPOUNDS CONTAINING METALS NOT COVERED BY SUBCLASSES C01D OR C01F"
C01P,"INDEXING SCHEME RELATING TO STRUCTURAL AND PHYSICAL ASPECTS OF SOLID INORGANIC COMPOUNDS"
C02F,"TREATMENT OF WATER, WASTE WATER, SEWAGE, OR SLUDGE"
C03B,"MANUFACTURE, SHAPING, OR SUPPLEMENTARY PROCESSES"
C03C,"CHEMICAL COMPOSITION OF GLASSES, GLAZES OR VITREOUS ENAMELS"
C04B,"LIME, MAGNESIA"
C05B,"PHOSPHATIC FERTILISERS"
C05C,"NITROGENOUS FERTILISERS"
C05D,"INORGANIC FERTILISERS NOT COVERED BY SUBCLASSES C05B, C05C"
C05F,"ORGANIC FERTILISERS NOT COVERED BY SUBCLASSES C05B, C05C, e.g. FERTILISERS FROM WASTE OR REFUSE"
C05G,"MIXTURES OF FERTILISERS COVERED INDIVIDUALLY BY DIFFERENT SUBCLASSES OF CLASS C05"
C06B,"EXPLOSIVES OR THERMIC COMPOSITIONS"
C06C,"DETONATING OR PRIMING DEVICES"
C06D,"MEANS FOR GENERATING SMOKE OR MIST"
C06F,"MATCHES"
C07B,"GENERAL METHODS OF ORGANIC CHEMISTRY"
C07C,"ACYCLIC OR CARBOCYCLIC COMPOUNDS"
C07D,"HETEROCYCLIC COMPOUNDS"
C07F,"ACYCLIC, CARBOCYCLIC OR HETEROCYCLIC COMPOUNDS CONTAINING ELEMENTS OTHER THAN CARBON, HYDROGEN, HALOGEN, OXYGEN, NITROGEN, SULFUR, SELENIUM OR TELLURIUM"
C07G,"COMPOUNDS OF UNKNOWN CONSTITUTION"
C07H,"SUGARS"
C07J,"STEROIDS"
C07K,"PEPTIDES"
C08B,"POLYSACCHARIDES"
C08C,"TREATMENT OR CHEMICAL MODIFICATION OF RUBBERS"
C08F,"MACROMOLECULAR COMPOUNDS OBTAINED BY REACTIONS ONLY INVOLVING CARBON-TO-CARBON UNSATURATED BONDS"
C08G,"MACROMOLECULAR COMPOUNDS OBTAINED OTHERWISE THAN BY REACTIONS ONLY INVOLVING UNSATURATED CARBON-TO-CARBON BONDS"
C08H,"DERIVATIVES OF NATURAL MACROMOLECULAR COMPOUNDS"
C08J,"WORKING-UP"
C08K,"Use of inorganic or non-macromolecular organic substances as compounding ingredients"
C08L,"COMPOSITIONS OF MACROMOLECULAR COMPOUNDS"
C09B,"ORGANIC DYES OR CLOSELY-RELATED COMPOUNDS FOR PRODUCING DYES"
C09C,"TREATMENT OF INORGANIC MATERIALS, OTHER THAN FIBROUS FILLERS, TO ENHANCE THEIR PIGMENTING OR FILLING PROPERTIES "
C09D,"COATING COMPOSITIONS, e.g. PAINTS, VARNISHES OR LACQUERS"
C09F,"NATURAL RESINS"
C09G,"POLISHING COMPOSITIONS"
C09H,"PREPARATION OF GLUE OR GELATINE"
C09J,"ADHESIVES"
C09K,"MATERIALS FOR MISCELLANEOUS APPLICATIONS, NOT PROVIDED FOR ELSEWHERE"
C10B,"DESTRUCTIVE DISTILLATION OF CARBONACEOUS MATERIALS FOR PRODUCTION OF GAS, COKE, TAR, OR SIMILAR MATERIALS"
C10C,"WORKING-UP PITCH, ASPHALT, BITUMEN, TAR"
C10F,"DRYING OR WORKING-UP OF PEAT"
C10G,"CRACKING HYDROCARBON OILS"
C10H,"PRODUCTION OF ACETYLENE BY WET METHODS"
C10J,"PRODUCTION OF PRODUCER GAS, WATER-GAS, SYNTHESIS GAS FROM SOLID CARBONACEOUS MATERIAL, OR MIXTURES CONTAINING THESE GASES"
C10K,"PURIFYING OR MODIFYING THE CHEMICAL COMPOSITION OF COMBUSTIBLE GASES CONTAINING CARBON MONOXIDE"
C10L,"FUELS NOT OTHERWISE PROVIDED FOR"
C10M,"LUBRICATING COMPOSITIONS"
C10N,"INDEXING SCHEME ASSOCIATED WITH SUBCLASS C10M RELATING TO LUBRICATING COMPOSITIONS"
C11B,"PRODUCING, e.g. BY PRESSING RAW MATERIALS OR BY EXTRACTION FROM WASTE MATERIALS, REFINING OR PRESERVING FATS, FATTY SUBSTANCES, e.g. LANOLIN, FATTY OILS OR WAXES"
C11C,"FATTY ACIDS FROM FATS, OILS OR WAXES"
C11D,"DETERGENT COMPOSITIONS"
C12C,"BEER"
C12F,"RECOVERY OF BY-PRODUCTS OF FERMENTED SOLUTIONS"
C12G,"WINE"
C12H,"PASTEURISATION, STERILISATION, PRESERVATION, PURIFICATION, CLARIFICATION OR AGEING OF ALCOHOLIC BEVERAGES"
C12J,"VINEGAR"
C12L,"PITCHING OR DEPITCHING MACHINES"
C12M,"APPARATUS FOR ENZYMOLOGY OR MICROBIOLOGY"
C12N,"MICROORGANISMS OR ENZYMES"
C12P,"FERMENTATION OR ENZYME-USING PROCESSES TO SYNTHESISE A DESIRED CHEMICAL COMPOUND OR COMPOSITION OR TO SEPARATE OPTICAL ISOMERS FROM A RACEMIC MIXTURE"
C12Q,"MEASURING OR TESTING PROCESSES INVOLVING ENZYMES, NUCLEIC ACIDS OR MICROORGANISMS"
C12R,"INDEXING SCHEME ASSOCIATED WITH SUBCLASSES C12C - C12Q, RELATING TO MICROORGANISMS"
C12Y,"ENZYMES"
C13B,"PRODUCTION OF SUCROSE"
C13K,"SACCHARIDES OBTAINED FROM NATURAL SOURCES OR BY HYDROLYSIS OF NATURALLY OCCURRING DISACCHARIDES, OLIGOSACCHARIDES OR POLYSACCHARIDES"
C14B,"MECHANICAL TREATMENT OR PROCESSING OF SKINS, HIDES OR LEATHER IN GENERAL"
C14C,"CHEMICAL TREATMENT OF HIDES, SKINS OR LEATHER, e.g. TANNING, IMPREGNATING, FINISHING"
C21B,"MANUFACTURE OF IRON OR STEEL"
C21C,"PROCESSING OF PIG-IRON, e.g. REFINING, MANUFACTURE OF WROUGHT-IRON OR STEEL"
C21D,"MODIFYING THE PHYSICAL STRUCTURE OF FERROUS METALS"
C22B,"PRODUCTION AND REFINING OF METALS"
C22C,"ALLOYS"
C22F,"CHANGING THE PHYSICAL STRUCTURE OF NON-FERROUS METALS AND NON-FERROUS ALLOYS"
C23C,"COATING METALLIC MATERIAL"
C23D,"ENAMELLING OF, OR APPLYING A VITREOUS LAYER TO, METALS"
C23F,"NON-MECHANICAL REMOVAL OF METALLIC MATERIAL FROM SURFACE"
C23G,"CLEANING OR DE-GREASING OF METALLIC MATERIAL BY CHEMICAL METHODS OTHER THAN ELECTROLYSIS"
C25B,"ELECTROLYTIC OR ELECTROPHORETIC PROCESSES FOR THE PRODUCTION OF COMPOUNDS OR NON-METALS"
C25C,"PROCESSES FOR THE ELECTROLYTIC PRODUCTION, RECOVERY OR REFINING OF METALS"
C25D,"PROCESSES FOR THE ELECTROLYTIC OR ELECTROPHORETIC PRODUCTION OF COATINGS"
C25F,"PROCESSES FOR THE ELECTROLYTIC REMOVAL OF MATERIALS FROM OBJECTS"
C30B,"SINGLE-CRYSTAL GROWTH"
C40B,"COMBINATORIAL CHEMISTRY"
C99Z,"SUBJECT MATTER NOT OTHERWISE PROVIDED FOR IN THIS SECTION"
D01B,"MECHANICAL TREATMENT OF NATURAL FIBROUS OR FILAMENTARY MATERIAL TO OBTAIN FIBRES OF FILAMENTS, e.g. FOR SPINNING"
D01C,"CHEMICAL OR BIOLOGICAL TREATMENT OF NATURAL FILAMENTARY OR FIBROUS MATERIAL TO OBTAIN FILAMENTS OR FIBRES FOR SPINNING"
D01D,"MECHANICAL METHODS OR APPARATUS IN THE MANUFACTURE OF ARTIFICIAL FILAMENTS, THREADS, FIBRES, BRISTLES OR RIBBONS"
D01F,"CHEMICAL FEATURES IN THE MANUFACTURE OF ARTIFICIAL FILAMENTS, THREADS, FIBRES, BRISTLES OR RIBBONS"
D01G,"PRELIMINARY TREATMENT OF FIBRES, e.g. FOR SPINNING"
D01H,"SPINNING OR TWISTING"
D02G,"CRIMPING OR CURLING FIBRES, FILAMENTS, THREADS, OR YARNS"
D02H,"WARPING, BEAMING OR LEASING"
D02J,"FINISHING OR DRESSING OF FILAMENTS, YARNS, THREADS, CORDS, ROPES OR THE LIKE"
D03C,"SHEDDING MECHANISMS"
D03D,"WOVEN FABRICS"
D03J,"AUXILIARY WEAVING APPARATUS"
D04B,"KNITTING"
D04C,"BRAIDING OR MANUFACTURE OF LACE, INCLUDING BOBBIN-NET OR CARBONISED LACE"
D04D,"TRIMMINGS"
D04G,"MAKING NETS BY KNOTTING OF FILAMENTARY MATERIAL"
D04H,"MAKING TEXTILE FABRICS, e.g. FROM FIBRES OR FILAMENTARY MATERIAL"
D05B,"SEWING"
D05C,"EMBROIDERING"
D05D,"INDEXING SCHEME ASSOCIATED WITH SUBCLASSES D05B AND D05C, RELATING TO SEWING, EMBROIDERING AND TUFTING"
D06B,"TREATING TEXTILE MATERIALS USING LIQUIDS, GASES OR VAPOURS"
D06C,"FINISHING, DRESSING, TENTERING OR STRETCHING TEXTILE FABRICS"
D06F,"LAUNDERING, DRYING, IRONING, PRESSING OR FOLDING TEXTILE ARTICLES"
D06G,"MECHANICAL OR PRESSURE CLEANING OF CARPETS, RUGS, SACKS, HIDES, OR OTHER SKIN OR TEXTILE ARTICLES OR FABRICS"
D06H,"MARKING, INSPECTING, SEAMING OR SEVERING TEXTILE MATERIALS"
D06J,"PLEATING, KILTING OR GOFFERING TEXTILE FABRICS OR WEARING APPAREL"
D06L,"DRY-CLEANING, WASHING OR BLEACHING FIBRES, FILAMENTS, THREADS, YARNS, FABRICS, FEATHERS OR MADE-UP FIBROUS GOODS"
D06M,"TREATMENT, NOT PROVIDED FOR ELSEWHERE IN CLASS D06, OF FIBRES, THREADS, YARNS, FABRICS, FEATHERS OR FIBROUS GOODS MADE FROM SUCH MATERIALS"
D06N,"WALL, FLOOR, OR LIKE COVERING MATERIALS, e.g. LINOLEUM, OILCLOTH, ARTIFICIAL LEATHER, ROOFING FELT, CONSISTING OF A FIBROUS WEB COATED WITH A LAYER OF MACROMOLECULAR MATERIAL"
D06P,"DYEING OR PRINTING TEXTILES"
D06Q,"DECORATING TEXTILES"
D07B,"ROPES OR CABLES IN GENERAL"
D10B,"INDEXING SCHEME ASSOCIATED WITH SUBLASSES OF SECTION D, RELATING TO TEXTILES"
D21B,"FIBROUS RAW MATERIALS OR THEIR MECHANICAL TREATMENT"
D21C,"PRODUCTION OF CELLULOSE BY REMOVING NON-CELLULOSE SUBSTANCES FROM CELLULOSE-CONTAINING MATERIALS"
D21D,"TREATMENT OF THE MATERIALS BEFORE PASSING TO THE PAPER-MAKING MACHINE"
D21F,"PAPER-MAKING MACHINES"
D21G,"CALENDERS"
D21H,"PULP COMPOSITIONS"
D21J,"FIBREBOARD"
D99Z,"SUBJECT MATTER NOT OTHERWISE PROVIDED FOR IN THIS SECTION"
E01B,"PERMANENT WAY"
E01C,"CONSTRUCTION OF, OR SURFACES FOR, ROADS, SPORTS GROUNDS, OR THE LIKE"
E01D,"CONSTRUCTION OF BRIDGES, OR VIADUCTS"
E01F,"ADDITIONAL WORK, SUCH AS EQUIPPING ROADS OR THE CONSTRUCTION OF PLATFORMS, HELICOPTER LANDING STAGES, SIGNS, SNOW FENCES, OR THE LIKE"
E01H,"STREET CLEANING"
E02B,"HYDRAULIC ENGINEERING"
E02C,"SHIP-LIFTING DEVICES OR MECHANISMS"
E02D,"FOUNDATIONS"
E02F,"DREDGING"
E03B,"INSTALLATIONS OR METHODS FOR OBTAINING, COLLECTING, OR DISTRIBUTING WATER"
E03C,"DOMESTIC PLUMBING INSTALLATIONS FOR FRESH WATER OR WASTE WATER"
E03D,"WATER-CLOSETS OR URINALS WITH FLUSHING DEVICES"
E03F,"SEWERS"
E04B,"GENERAL BUILDING CONSTRUCTIONS"
E04C,"STRUCTURAL ELEMENTS"
E04D,"ROOF COVERINGS"
E04F,"FINISHING WORK ON BUILDINGS, e.g. STAIRS, FLOORS"
E04G,"SCAFFOLDING"
E04H,"BUILDINGS OR LIKE STRUCTURES FOR PARTICULAR PURPOSES"
E05B,"LOCKS"
E05C,"BOLTS OR FASTENING DEVICES FOR WINGS, SPECIALLY FOR DOORS OR WINDOWS"
E05D,"HINGES OR SUSPENSION DEVICES FOR DOORS, WINDOWS OR WINGS"
E05F,"DEVICES FOR MOVING WINGS INTO OPEN OR CLOSED POSITION"
E05G,"SAFES OR STRONG-ROOMS FOR VALUABLES"
E05Y,"INDEXING SCHEME ASSOCIATED WITH SUBCLASSES E05D AND E05F, RELATING TO CONSTRUCTION ELEMENTS, ELECTRIC CONTROL, POWER SUPPLY, POWER SIGNAL OR TRANSMISSION, USER INTERFACES, MOUNTING OR COUPLING, DETAILS, ACCESSORIES, AUXILIARY OPERATIONS NOT OTHERWISE PROVIDED FOR, APPLICATION THEREOF"
E06B,"FIXED OR MOVABLE CLOSURES FOR OPENINGS IN BUILDINGS, VEHICLES, FENCES OR LIKE ENCLOSURES IN GENERAL, e.g. DOORS, WINDOWS, BLINDS, GATES"
E06C,"LADDERS"
E21B,"EARTH OR ROCK DRILLING"
E21C,"MINING OR QUARRYING"
E21D,"SHAFTS"
E21F,"SAFETY DEVICES, TRANSPORT, FILLING-UP, RESCUE, VENTILATION, OR DRAINING IN OR OF MINES OR TUNNELS"
E99Z,"SUBJECT MATTER NOT OTHERWISE PROVIDED FOR IN THIS SECTION"
F01B,"MACHINES OR ENGINES, IN GENERAL OR OF POSITIVE-DISPLACEMENT TYPE, e.g. STEAM ENGINES"
F01C,"ROTARY-PISTON OR OSCILLATING-PISTON MACHINES OR ENGINES"
F01D,"NON-POSITIVE DISPLACEMENT MACHINES OR ENGINES, e.g. STEAM TURBINES"
F01K,"STEAM ENGINE PLANTS"
F01L,"CYCLICALLY OPERATING VALVES FOR MACHINES OR ENGINES"
F01M,"LUBRICATING OF MACHINES OR ENGINES IN GENERAL"
F01N,"GAS-FLOW SILENCERS OR EXHAUST APPARATUS FOR MACHINES OR ENGINES IN GENERAL"
F01P,"COOLING OF MACHINES OR ENGINES IN GENERAL"
F02B,"INTERNAL-COMBUSTION PISTON ENGINES"
F02C,"GAS-TURBINE PLANTS"
F02D,"CONTROLLING COMBUSTION ENGINES"
F02F,"CYLINDERS, PISTONS OR CASINGS, FOR COMBUSTION ENGINES"
F02G,"HOT GAS OR COMBUSTION-PRODUCT POSITIVE-DISPLACEMENT ENGINE PLANTS"
F02K,"JET-PROPULSION PLANTS"
F02M,"SUPPLYING COMBUSTION ENGINES IN GENERAL WITH COMBUSTIBLE MIXTURES OR CONSTITUENTS THEREOF"
F02N,"STARTING OF COMBUSTION ENGINES"
F02P,"IGNITION, OTHER THAN COMPRESSION IGNITION, FOR INTERNAL-COMBUSTION ENGINES"
F03B,"MACHINES OR ENGINES FOR LIQUIDS"
F03C,"POSITIVE-DISPLACEMENT ENGINES DRIVEN BY LIQUIDS"
F03D,"WIND MOTORS"
F03G,"SPRING, WEIGHT, INERTIA OR LIKE MOTORS"
F03H,"PRODUCING A REACTIVE PROPULSIVE THRUST, NOT OTHERWISE PROVIDED FOR"
F04B,"POSITIVE-DISPLACEMENT MACHINES FOR LIQUIDS"
F04C,"ROTARY-PISTON, OR OSCILLATING-PISTON, POSITIVE-DISPLACEMENT MACHINES FOR LIQUIDS"
F04D,"NON-POSITIVE-DISPLACEMENT PUMPS"
F04F,"PUMPING OF FLUID BY DIRECT CONTACT OF ANOTHER FLUID OR BY USING INERTIA OF FLUID TO BE PUMPED"
F05B,"INDEXING SCHEME RELATING TO WIND, SPRING, WEIGHT, INERTIA OR LIKE MOTORS, TO MACHINES OR ENGINES FOR LIQUIDS COVERED BY SUBCLASSES F03B, F03D AND F03G"
F05C,"INDEXING SCHEME RELATING TO MATERIALS, MATERIAL PROPERTIES OR MATERIAL CHARACTERISTICS FOR MACHINES, ENGINES OR PUMPS OTHER THAN NON-POSITIVE-DISPLACEMENT MACHINES OR ENGINES"
F05D,"INDEXING SCHEME FOR ASPECTS RELATING TO NON-POSITIVE-DISPLACEMENT MACHINES OR ENGINES, GAS-TURBINES OR JET-PROPULSION PLANTS"
F15B,"SYSTEMS ACTING BY MEANS OF FLUIDS IN GENERAL"
F15C,"FLUID-CIRCUIT ELEMENTS PREDOMINANTLY USED FOR COMPUTING OR CONTROL PURPOSES"
F15D,"FLUID DYNAMICS, i.e. METHODS OR MEANS FOR INFLUENCING THE FLOW OF GASES OR LIQUIDS"
F16B,"DEVICES FOR FASTENING OR SECURING CONSTRUCTIONAL ELEMENTS OR MACHINE PARTS TOGETHER, e.g. NAILS, BOLTS, CIRCLIPS, CLAMPS, CLIPS OR WEDGES"
F16C,"SHAFTS"
F16D,"COUPLINGS FOR TRANSMITTING ROTATION"
F16F,"SPRINGS"
F16G,"BELTS, CABLES, OR ROPES, PREDOMINANTLY USED FOR DRIVING PURPOSES"
F16H,"GEARING"
F16J,"PISTONS"
F16K,"VALVES"
F16L,"PIPES"
F16M,"FRAMES, CASINGS OR BEDS OF ENGINES, MACHINES OR APPARATUS, NOT SPECIFIC TO ENGINES, MACHINES OR APPARATUS PROVIDED FOR ELSEWHERE"
F16N,"LUBRICATING"
F16P,"SAFETY DEVICES IN GENERAL"
F16S,"CONSTRUCTIONAL ELEMENTS IN GENERAL"
F16T,"STEAM TRAPS OR LIKE APPARATUS FOR DRAINING-OFF LIQUIDS FROM ENCLOSURES PREDOMINANTLY CONTAINING GASES OR VAPOURS"
F17B,"GAS-HOLDERS OF VARIABLE CAPACITY"
F17C,"VESSELS FOR CONTAINING OR STORING COMPRESSED, LIQUEFIED OR SOLIDIFIED GASES"
F17D,"PIPE-LINE SYSTEMS"
F21H,"INCANDESCENT MANTLES"
F21K,"NON-ELECTRIC LIGHT SOURCES USING LUMINESCENCE"
F21L,"LIGHTING DEVICES OR SYSTEMS THEREOF, BEING PORTABLE OR SPECIALLY ADAPTED FOR TRANSPORTATION"
F21S,"NON-PORTABLE LIGHTING DEVICES"
F21V,"FUNCTIONAL FEATURES OR DETAILS OF LIGHTING DEVICES OR SYSTEMS THEREOF"
F21W,"INDEXING SCHEME ASSOCIATED WITH SUBCLASSES F21K, F21L, F21S and F21V, RELATING TO USES OR APPLICATIONS OF LIGHTING DEVICES OR SYSTEMS"
F21Y,"INDEXING SCHEME ASSOCIATED WITH SUBCLASSES F21K, F21L, F21S and F21V, RELATING TO THE FORM OR THE KIND OF THE LIGHT SOURCES OR OF THE COLOUR OF THE LIGHT EMITTED"
F22B,"METHODS OF STEAM GENERATION"
F22D,"PREHEATING, OR ACCUMULATING PREHEATED, FEED-WATER FOR STEAM GENERATION"
F22G,"SUPERHEATING OF STEAM"
F23B,"METHODS OR APPARATUS FOR COMBUSTION USING ONLY SOLID FUEL"
F23C,"METHODS OR APPARATUS FOR COMBUSTION USING FLUID FUEL OR SOLID FUEL SUSPENDED IN  AIR "
F23D,"BURNERS"
F23G,"CREMATION FURNACES"
F23H,"GRATES"
F23J,"REMOVAL OR TREATMENT OF COMBUSTION PRODUCTS OR COMBUSTION RESIDUES"
F23K,"FEEDING FUEL TO COMBUSTION APPARATUS"
F23L,"SUPPLYING AIR OR NON-COMBUSTIBLE LIQUIDS OR GASES TO COMBUSTION APPARATUS IN GENERAL "
F23M,"CASINGS, LININGS, WALLS OR DOORS SPECIALLY ADAPTED FOR COMBUSTION CHAMBERS, e.g. FIREBRIDGES"
F23N,"REGULATING OR CONTROLLING COMBUSTION"
F23Q,"IGNITION"
F23R,"GENERATING COMBUSTION PRODUCTS OF HIGH PRESSURE OR HIGH VELOCITY, e.g. GAS-TURBINE COMBUSTION CHAMBERS"
F24B,"DOMESTIC STOVES OR RANGES FOR SOLID FUELS"
F24C,"DOMESTIC STOVES OR RANGES "
F24D,"DOMESTIC- OR SPACE-HEATING SYSTEMS, e.g. CENTRAL HEATING SYSTEMS"
F24F,"AIR-CONDITIONING"
F24H,"FLUID HEATERS, e.g. WATER OR AIR HEATERS, HAVING HEAT-GENERATING MEANS, e.g. HEAT PUMPS, IN GENERAL"
F24S,"SOLAR HEAT COLLECTORS"
F24T,"GEOTHERMAL COLLECTORS"
F24V,"COLLECTION, PRODUCTION OR USE OF HEAT NOT OTHERWISE PROVIDED FOR"
F25B,"REFRIGERATION MACHINES, PLANTS OR SYSTEMS"
F25C,"PRODUCING, WORKING OR HANDLING ICE"
F25D,"REFRIGERATORS"
F25J,"LIQUEFACTION, SOLIDIFICATION OR SEPARATION OF GASES OR GASEOUS MIXTURES BY PRESSURE AND COLD TREATMENT"
F26B,"DRYING SOLID MATERIALS OR OBJECTS BY REMOVING LIQUID THEREFROM"
F27B,"FURNACES, KILNS, OVENS OR RETORTS IN GENERAL"
F27D,"DETAILS OR ACCESSORIES OF FURNACES, KILNS, OVENS OR RETORTS, IN SO FAR AS THEY ARE OF KINDS OCCURRING IN MORE THAN ONE KIND OF FURNACE"
F27M,"INDEXING SCHEME RELATING TO ASPECTS OF THE CHARGES OR FURNACES, KILNS, OVENS OR RETORTS"
F28B,"STEAM OR VAPOUR CONDENSERS"
F28C,"HEAT-EXCHANGE APPARATUS, NOT PROVIDED FOR IN ANOTHER SUBCLASS, IN WHICH THE HEAT-EXCHANGE MEDIA COME INTO DIRECT CONTACT WITHOUT CHEMICAL INTERACTION"
F28D,"HEAT-EXCHANGE APPARATUS, NOT PROVIDED FOR IN ANOTHER SUBCLASS, IN WHICH THE HEAT-EXCHANGE MEDIA DO NOT COME INTO DIRECT CONTACT"
F28F,"DETAILS OF HEAT-EXCHANGE AND HEAT-TRANSFER APPARATUS, OF GENERAL APPLICATION"
F28G,"CLEANING OF INTERNAL OR EXTERNAL SURFACES OF HEAT-EXCHANGE OR HEAT-TRANSFER CONDUITS, e.g. WATER TUBES OR BOILERS"
F41A,"FUNCTIONAL FEATURES OR DETAILS COMMON TO BOTH SMALLARMS AND ORDNANCE, e.g. CANNONS"
F41B,"WEAPONS FOR PROJECTING MISSILES WITHOUT USE OF EXPLOSIVE OR COMBUSTIBLE PROPELLANT CHARGE"
F41C,"SMALLARMS, e.g. PISTOLS, RIFLES"
F41F,"APPARATUS FOR LAUNCHING PROJECTILES OR MISSILES FROM BARRELS, e.g. CANNONS"
F41G,"WEAPON SIGHTS"
F41H,"ARMOUR"
F41J,"TARGETS"
F42B,"EXPLOSIVE CHARGES, e.g. FOR BLASTING, FIREWORKS, AMMUNITION"
F42C,"AMMUNITION FUZES"
F42D,"BLASTING"
F99Z,"SUBJECT MATTER NOT OTHERWISE PROVIDED FOR IN THIS SECTION"
G01B,"MEASURING LENGTH, THICKNESS OR SIMILAR LINEAR DIMENSIONS"
G01C,"MEASURING DISTANCES, LEVELS OR BEARINGS"
G01D,"MEASURING NOT SPECIALLY ADAPTED FOR A SPECIFIC VARIABLE"
G01F,"MEASURING VOLUME, VOLUME FLOW, MASS FLOW OR LIQUID LEVEL"
G01G,"WEIGHING"
G01H,"MEASUREMENT OF MECHANICAL VIBRATIONS OR ULTRASONIC, SONIC OR INFRASONIC WAVES"
G01J,"MEASUREMENT OF INTENSITY, VELOCITY, SPECTRAL CONTENT, POLARISATION, PHASE OR PULSE CHARACTERISTICS OF INFRARED, VISIBLE OR ULTRAVIOLET LIGHT"
G01K,"MEASURING TEMPERATURE"
G01L,"MEASURING FORCE, STRESS, TORQUE, WORK, MECHANICAL POWER, MECHANICAL EFFICIENCY, OR FLUID PRESSURE"
G01M,"TESTING STATIC OR DYNAMIC BALANCE OF MACHINES OR STRUCTURES"
G01N,"INVESTIGATING OR ANALYSING MATERIALS BY DETERMINING THEIR CHEMICAL OR PHYSICAL PROPERTIES"
G01P,"MEASURING LINEAR OR ANGULAR SPEED, ACCELERATION, DECELERATION, OR SHOCK"
G01Q,"SCANNING-PROBE TECHNIQUES OR APPARATUS"
G01R,"MEASURING ELECTRIC VARIABLES"
G01S,"RADIO DIRECTION-FINDING"
G01T,"MEASUREMENT OF NUCLEAR OR X-RADIATION"
G01V,"GEOPHYSICS"
G01W,"METEOROLOGY"
G02B,"OPTICAL ELEMENTS, SYSTEMS OR APPARATUS"
G02C,"SPECTACLES"
G02F,"OPTICAL DEVICES OR ARRANGEMENTS FOR THE CONTROL OF LIGHT BY MODIFICATION OF THE OPTICAL PROPERTIES OF THE MEDIA OF THE ELEMENTS INVOLVED THEREIN"
G03B,"APPARATUS OR ARRANGEMENTS FOR TAKING PHOTOGRAPHS OR FOR PROJECTING OR VIEWING THEM"
G03C,"PHOTOSENSITIVE MATERIALS FOR PHOTOGRAPHIC PURPOSES"
G03D,"APPARATUS FOR PROCESSING EXPOSED PHOTOGRAPHIC MATERIALS"
G03F,"PHOTOMECHANICAL PRODUCTION OF TEXTURED OR PATTERNED SURFACES, e.g. FOR PRINTING, FOR PROCESSING OF SEMICONDUCTOR DEVICES"
G03G,"ELECTROGRAPHY"
G03H,"HOLOGRAPHIC PROCESSES OR APPARATUS"
G04B,"MECHANICALLY-DRIVEN CLOCKS OR WATCHES"
G04C,"ELECTROMECHANICAL CLOCKS OR WATCHES"
G04D,"APPARATUS OR TOOLS SPECIALLY DESIGNED FOR MAKING OR MAINTAINING CLOCKS OR WATCHES"
G04F,"TIME-INTERVAL MEASURING"
G04G,"ELECTRONIC TIME-PIECES"
G04R,"RADIO-CONTROLLED TIME-PIECES"
G05B,"CONTROL OR REGULATING SYSTEMS IN GENERAL"
G05D,"SYSTEMS FOR CONTROLLING OR REGULATING NON-ELECTRIC VARIABLES"
G05F,"SYSTEMS FOR REGULATING ELECTRIC OR MAGNETIC VARIABLES"
G05G,"CONTROL DEVICES OR SYSTEMS INSOFAR AS CHARACTERISED BY MECHANICAL FEATURES ONLY"
G06C,"DIGITAL COMPUTERS IN WHICH ALL THE COMPUTATION IS EFFECTED MECHANICALLY"
G06D,"DIGITAL FLUID-PRESSURE COMPUTING DEVICES"
G06E,"OPTICAL COMPUTING DEVICES"
G06F,"ELECTRIC DIGITAL DATA PROCESSING"
G06G,"ANALOGUE COMPUTERS"
G06J,"HYBRID COMPUTING ARRANGEMENTS"
G06K,"GRAPHICAL DATA READING"
G06M,"COUNTING MECHANISMS"
G06N,"COMPUTING ARRANGEMENTS BASED ON SPECIFIC COMPUTATIONAL MODELS"
G06Q,"INFORMATION AND COMMUNICATION TECHNOLOGY [ICT] SPECIALLY ADAPTED FOR ADMINISTRATIVE, COMMERCIAL, FINANCIAL, MANAGERIAL OR SUPERVISORY PURPOSES"
G06T,"IMAGE DATA PROCESSING OR GENERATION, IN GENERAL"
G06V,"IMAGE OR VIDEO RECOGNITION OR UNDERSTANDING"
G07B,"TICKET-ISSUING APPARATUS"
G07C,"TIME OR ATTENDANCE REGISTERS"
G07D,"HANDLING OF COINS OR VALUABLE PAPERS, e.g. TESTING, SORTING BY DENOMINATIONS, COUNTING, DISPENSING, CHANGING OR DEPOSITING"
G07F,"COIN-FREED OR LIKE APPARATUS"
G07G,"REGISTERING THE RECEIPT OF CASH, VALUABLES, OR TOKENS"
G08B,"SIGNALLING SYSTEMS, e.g. PERSONAL CALLING SYSTEMS"
G08C,"TRANSMISSION SYSTEMS FOR MEASURED VALUES, CONTROL OR SIMILAR SIGNALS"
G08G,"TRAFFIC CONTROL SYSTEMS"
G09B,"EDUCATIONAL OR DEMONSTRATION APPLIANCES"
G09C,"CIPHERING OR DECIPHERING APPARATUS FOR CRYPTOGRAPHIC OR OTHER PURPOSES INVOLVING THE NEED FOR SECRECY"
G09D,"RAILWAY OR LIKE TIME OR FARE TABLES"
G09F,"DISPLAYING"
G09G,"ARRANGEMENTS OR CIRCUITS FOR CONTROL OF INDICATING DEVICES USING STATIC MEANS TO PRESENT VARIABLE INFORMATION"
G10B,"ORGANS, HARMONIUMS OR SIMILAR WIND MUSICAL INSTRUMENTS WITH ASSOCIATED BLOWING APPARATUS"
G10C,"PIANOS, HARPSICHORDS, SPINETS OR SIMILAR STRINGED MUSICAL INSTRUMENTS WITH ONE OR MORE KEYBOARDS"
G10D,"STRINGED MUSICAL INSTRUMENTS"
G10F,"AUTOMATIC MUSICAL INSTRUMENTS"
G10G,"REPRESENTATION OF MUSIC"
G10H,"ELECTROPHONIC MUSICAL INSTRUMENTS"
G10K,"SOUND-PRODUCING DEVICES"
G10L,"SPEECH ANALYSIS TECHNIQUES OR SPEECH SYNTHESIS"
G11B,"INFORMATION STORAGE BASED ON RELATIVE MOVEMENT BETWEEN RECORD CARRIER AND TRANSDUCER"
G11C,"STATIC STORES"
G12B,"CONSTRUCTIONAL DETAILS OF INSTRUMENTS, OR COMPARABLE DETAILS OF OTHER APPARATUS, NOT OTHERWISE PROVIDED FOR"
G16B,"BIOINFORMATICS, i.e. INFORMATION AND COMMUNICATION TECHNOLOGY [ICT] SPECIALLY ADAPTED FOR GENETIC OR PROTEIN-RELATED DATA PROCESSING IN COMPUTATIONAL MOLECULAR BIOLOGY"
G16C,"COMPUTATIONAL CHEMISTRY"
G16H,"HEALTHCARE INFORMATICS, i.e. INFORMATION AND COMMUNICATION TECHNOLOGY [ICT] SPECIALLY ADAPTED FOR THE HANDLING OR PROCESSING OF MEDICAL OR HEALTHCARE DATA"
G16Y,"INFORMATION AND COMMUNICATION TECHNOLOGY SPECIALLY ADAPTED FOR THE INTERNET OF THINGS [IoT]"
G16Z,"INFORMATION AND COMMUNICATION TECHNOLOGY [ICT] SPECIALLY ADAPTED FOR SPECIFIC APPLICATION FIELDS, NOT OTHERWISE PROVIDED FOR"
G21B,"FUSION REACTORS"
G21C,"NUCLEAR REACTORS"
G21D,"NUCLEAR POWER PLANT"
G21F,"PROTECTION AGAINST X-RADIATION, GAMMA RADIATION, CORPUSCULAR RADIATION OR PARTICLE BOMBARDMENT"
G21G,"CONVERSION OF CHEMICAL ELEMENTS"
G21H,"OBTAINING ENERGY FROM RADIOACTIVE SOURCES"
G21J,"NUCLEAR EXPLOSIVES"
G21K,"HANDLING OF PARTICLES OR IONISING RADIATION NOT OTHERWISE PROVIDED FOR"
G99Z,"SUBJECT MATTER NOT OTHERWISE PROVIDED FOR IN THIS SECTION"
H01B,"CABLES"
H01C,"RESISTORS"
H01F,"MAGNETS"
H01G,"CAPACITORS"
H01H,"ELECTRIC SWITCHES"
H01J,"ELECTRIC DISCHARGE TUBES OR DISCHARGE LAMPS"
H01K,"ELECTRIC INCANDESCENT LAMPS"
H01M,"PROCESSES OR MEANS, e.g. BATTERIES, FOR THE DIRECT CONVERSION OF CHEMICAL ENERGY INTO ELECTRICAL ENERGY"
H01P,"WAVEGUIDES"
H01Q,"ANTENNAS, i.e. RADIO AERIALS"
H01R,"ELECTRICALLY-CONDUCTIVE CONNECTIONS"
H01S,"DEVICES USING THE PROCESS OF LIGHT AMPLIFICATION BY STIMULATED EMISSION OF RADIATION [LASER] TO AMPLIFY OR GENERATE LIGHT"
H01T,"SPARK GAPS"
H02B,"BOARDS, SUBSTATIONS OR SWITCHING ARRANGEMENTS FOR THE SUPPLY OR DISTRIBUTION OF ELECTRIC POWER"
H02G,"INSTALLATION OF ELECTRIC CABLES OR LINES, OR OF COMBINED OPTICAL AND ELECTRIC CABLES OR LINES"
H02H,"EMERGENCY PROTECTIVE CIRCUIT ARRANGEMENTS"
H02J,"ELECTRIC POWER NETWORKS"
H02K,"DYNAMO-ELECTRIC MACHINES"
H02M,"APPARATUS FOR CONVERSION BETWEEN AC AND AC, BETWEEN AC AND DC, OR BETWEEN DC AND DC, AND FOR USE WITH MAINS OR SIMILAR POWER SUPPLY SYSTEMS"
H02N,"ELECTRIC MACHINES NOT OTHERWISE PROVIDED FOR"
H02P,"CONTROL OR REGULATION OF ELECTRIC MOTORS, ELECTRIC GENERATORS OR DYNAMO-ELECTRIC CONVERTERS"
H02S,"GENERATION OF ELECTRIC POWER BY CONVERSION OF INFRARED RADIATION, VISIBLE LIGHT OR ULTRAVIOLET LIGHT, e.g. USING PHOTOVOLTAIC [PV] MODULES"
H03B,"GENERATION OF OSCILLATIONS, DIRECTLY OR BY FREQUENCY-CHANGING, BY CIRCUITS EMPLOYING ACTIVE ELEMENTS WHICH OPERATE IN A NON-SWITCHING MANNER"
H03C,"MODULATION"
H03D,"DEMODULATION OR TRANSFERENCE OF MODULATION FROM ONE CARRIER TO ANOTHER"
H03F,"AMPLIFIERS"
H03G,"CONTROL OF AMPLIFICATION"
H03H,"IMPEDANCE NETWORKS, e.g. RESONANT CIRCUITS"
H03J,"TUNING RESONANT CIRCUITS"
H03K,"PULSE TECHNIQUE"
H03L,"AUTOMATIC CONTROL, STARTING, SYNCHRONISATION OR STABILISATION OF GENERATORS OF ELECTRONIC OSCILLATIONS OR PULSES"
H03M,"CODING"
H04B,"TRANSMISSION"
H04H,"BROADCAST COMMUNICATION"
H04J,"MULTIPLEX COMMUNICATION"
H04K,"SECRET COMMUNICATION"
H04L,"TRANSMISSION OF DIGITAL INFORMATION, e.g. TELEGRAPHIC COMMUNICATION"
H04M,"TELEPHONIC COMMUNICATION"
H04N,"PICTORIAL COMMUNICATION, e.g. TELEVISION"
H04Q,"SELECTING"
H04R,"LOUDSPEAKERS, MICROPHONES, GRAMOPHONE PICK-UPS OR LIKE ACOUSTIC ELECTROMECHANICAL TRANSDUCERS"
H04S,"STEREOPHONIC SYSTEMS "
H04T,"INDEXING SCHEME ASSOCIATED WITH CLASS H04, RELATING TO STANDARDS FOR ELECTRIC COMMUNICATION TECHNIQUE"
H04W,"WIRELESS COMMUNICATION NETWORKS"
H05B,"ELECTRIC HEATING"
H05C,"ELECTRIC CIRCUITS OR APPARATUS SPECIALLY DESIGNED FOR USE IN EQUIPMENT FOR KILLING, STUNNING, OR GUIDING LIVING BEINGS"
H05F,"STATIC ELECTRICITY"
H05G,"X-RAY TECHNIQUE"
H05H,"PLASMA TECHNIQUE"
H05K,"PRINTED CIRCUITS"
H10B,"ELECTRONIC MEMORY DEVICES"
H10D,"INORGANIC ELECTRIC SEMICONDUCTOR DEVICES"
H10F,"INORGANIC SEMICONDUCTOR DEVICES SENSITIVE TO INFRARED RADIATION, LIGHT, ELECTROMAGNETIC RADIATION OF SHORTER WAVELENGTH OR CORPUSCULAR RADIATION"
H10H,"INORGANIC LIGHT-EMITTING SEMICONDUCTOR DEVICES HAVING POTENTIAL BARRIERS"
H10K,"ORGANIC ELECTRIC SOLID-STATE DEVICES"
H10N,"ELECTRIC SOLID-STATE DEVICES NOT OTHERWISE PROVIDED FOR"
H10P,"GENERIC PROCESSES OR APPARATUS FOR THE MANUFACTURE OR TREATMENT OF DEVICES COVERED BY CLASS H10"
H10W,"GENERIC PACKAGES, INTERCONNECTIONS, CONNECTORS OR OTHER CONSTRUCTIONAL DETAILS OF DEVICES COVERED BY CLASS H10"
H99Z,"SUBJECT MATTER NOT OTHERWISE PROVIDED FOR IN THIS SECTION"
Y02A,"TECHNOLOGIES FOR ADAPTATION TO CLIMATE CHANGE"
Y02B,"CLIMATE CHANGE MITIGATION TECHNOLOGIES RELATED TO BUILDINGS, e.g. HOUSING, HOUSE APPLIANCES OR RELATED END-USER APPLICATIONS"
Y02C,"CAPTURE, STORAGE, SEQUESTRATION OR DISPOSAL OF GREENHOUSE GASES [GHG]"
Y02D,"CLIMATE CHANGE MITIGATION TECHNOLOGIES IN INFORMATION AND COMMUNICATION TECHNOLOGIES [ICT], I.E. INFORMATION AND COMMUNICATION TECHNOLOGIES AIMING AT THE REDUCTION OF THEIR OWN ENERGY USE"
Y02E,"REDUCTION OF GREENHOUSE GAS [GHG] EMISSIONS, RELATED TO ENERGY GENERATION, TRANSMISSION OR DISTRIBUTION"
Y02P,"CLIMATE CHANGE MITIGATION TECHNOLOGIES IN THE PRODUCTION OR PROCESSING OF GOODS"
Y02T,"CLIMATE CHANGE MITIGATION TECHNOLOGIES RELATED TO TRANSPORTATION"
Y02W,"CLIMATE CHANGE MITIGATION TECHNOLOGIES RELATED TO WASTEWATER TREATMENT OR WASTE MANAGEMENT"
Y04S,"SYSTEMS INTEGRATING TECHNOLOGIES RELATED TO POWER NETWORK OPERATION, COMMUNICATION OR INFORMATION TECHNOLOGIES FOR IMPROVING THE ELECTRICAL POWER GENERATION, TRANSMISSION, DISTRIBUTION, MANAGEMENT OR USAGE, i.e. SMART GRIDS"
Y10S,"TECHNICAL SUBJECTS COVERED BY FORMER USPC CROSS-REFERENCE ART COLLECTIONS [XRACs] AND DIGESTS"
Y10T,"TECHNICAL SUBJECTS COVERED BY FORMER US CLASSIFICATION"
